{"cameraMode":{"drawMode":0,"name":"Shaded","section":"Shading Mode"},"sceneLighting":false,"audioPlay":false,"sceneViewState":{"m_AlwaysRefresh":false,"showFog":true,"showSkybox":false,"showFlares":true,"showImageEffects":true,"showParticleSystems":true,"showVisualEffectGraphs":true,"m_FxEnabled":true},"in2DMode":false,"pivot":{"x":0.00550609827041626,"y":0.8896401524543762,"z":-0.04377453029155731},"rotation":{"x":-0.13580165803432465,"y":-0.8480050563812256,"z":0.2612064480781555,"w":-0.4408121407032013},"size":1.4235202074050904,"orthographic":false}