{"cameraMode":{"drawMode":0,"name":"Shaded","section":"Shading Mode"},"sceneLighting":true,"audioPlay":false,"sceneViewState":{"m_AlwaysRefresh":false,"showFog":true,"showSkybox":true,"showFlares":true,"showImageEffects":true,"showParticleSystems":true,"showVisualEffectGraphs":true,"m_FxEnabled":true},"in2DMode":false,"pivot":{"x":-0.24688269197940827,"y":15.170479774475098,"z":7.5256571769714359},"rotation":{"x":0.07470157742500305,"y":0.3854426145553589,"z":-0.031266290694475177,"w":0.9196608066558838},"size":0.9457213878631592,"orthographic":false}