{"cameraMode":{"drawMode":0,"name":"Shaded","section":"Shading Mode"},"sceneLighting":true,"audioPlay":false,"sceneViewState":{"m_AlwaysRefresh":false,"showFog":true,"showSkybox":true,"showFlares":true,"showImageEffects":true,"showParticleSystems":true,"showVisualEffectGraphs":true,"m_FxEnabled":true},"in2DMode":false,"pivot":{"x":-0.008834618143737316,"y":4.490363121032715,"z":-2.1107583045959474},"rotation":{"x":-0.495557963848114,"y":0.07847785204648972,"z":-0.045027874410152438,"w":-0.8638884425163269},"size":0.12484530359506607,"orthographic":false}