{"cameraMode":{"drawMode":0,"name":"Shaded","section":"Shading Mode"},"sceneLighting":true,"audioPlay":false,"sceneViewState":{"m_AlwaysRefresh":false,"showFog":true,"showSkybox":true,"showFlares":true,"showImageEffects":true,"showParticleSystems":true,"showVisualEffectGraphs":true,"m_FxEnabled":true},"in2DMode":false,"pivot":{"x":11.087321281433106,"y":-13.790849685668946,"z":0.10086250305175781},"rotation":{"x":-0.2848305106163025,"y":-0.6959412693977356,"z":0.3553747534751892,"w":-0.5563413500785828},"size":27.683454513549806,"orthographic":false}