{"cameraMode":{"drawMode":0,"name":"Shaded","section":"Shading Mode"},"sceneLighting":true,"audioPlay":false,"sceneViewState":{"m_AlwaysRefresh":false,"showFog":true,"showSkybox":true,"showFlares":true,"showImageEffects":true,"showParticleSystems":true,"showVisualEffectGraphs":true,"m_FxEnabled":true},"in2DMode":false,"pivot":{"x":30.653432846069337,"y":-2.2478089332580568,"z":21.053726196289064},"rotation":{"x":-0.05770454555749893,"y":-0.45364880561828616,"z":0.029410826042294503,"w":-0.8888731598854065},"size":33.635562896728519,"orthographic":false}