{"cameraMode":{"drawMode":0,"name":"Shaded","section":"Shading Mode"},"sceneLighting":true,"audioPlay":false,"sceneViewState":{"m_AlwaysRefresh":false,"showFog":true,"showSkybox":true,"showFlares":true,"showImageEffects":true,"showParticleSystems":true,"showVisualEffectGraphs":true,"m_FxEnabled":true},"in2DMode":false,"pivot":{"x":2.5793092250823976,"y":10.40036678314209,"z":-7.33615255355835},"rotation":{"x":-0.24696993827819825,"y":0.08272341638803482,"z":-0.021987924352288247,"w":-0.9653292894363403},"size":0.11328750103712082,"orthographic":false}