{"cameraMode":{"drawMode":0,"name":"Shaded","section":"Shading Mode"},"sceneLighting":true,"audioPlay":false,"sceneViewState":{"m_AlwaysRefresh":false,"showFog":true,"showSkybox":true,"showFlares":true,"showImageEffects":true,"showParticleSystems":true,"showVisualEffectGraphs":true,"m_FxEnabled":true},"in2DMode":false,"pivot":{"x":5.084768772125244,"y":-16.563209533691408,"z":36.156768798828128},"rotation":{"x":-0.30090975761413576,"y":-0.10706264525651932,"z":0.033213503658771518,"w":-0.9471308588981628},"size":19.671443939208986,"orthographic":false}