{"cameraMode":{"drawMode":0,"name":"Shaded","section":"Shading Mode"},"sceneLighting":true,"audioPlay":false,"sceneViewState":{"m_AlwaysRefresh":false,"showFog":true,"showSkybox":true,"showFlares":true,"showImageEffects":true,"showParticleSystems":true,"showVisualEffectGraphs":true,"m_FxEnabled":true},"in2DMode":false,"pivot":{"x":10.740254402160645,"y":2.506544351577759,"z":27.519559860229493},"rotation":{"x":-0.1356607973575592,"y":-0.26547354459762576,"z":0.03688725084066391,"w":-0.9539323449134827},"size":18.519447326660158,"orthographic":false}