{"cameraMode":{"drawMode":0,"name":"Shaded","section":"Shading Mode"},"sceneLighting":true,"audioPlay":false,"sceneViewState":{"m_AlwaysRefresh":false,"showFog":true,"showSkybox":true,"showFlares":true,"showImageEffects":true,"showParticleSystems":true,"showVisualEffectGraphs":true,"m_FxEnabled":true},"in2DMode":false,"pivot":{"x":-0.6773331165313721,"y":6.173527717590332,"z":-3.0168516635894777},"rotation":{"x":-0.3746304214000702,"y":0.013802836649119854,"z":-0.006359619088470936,"w":-0.9271075129508972},"size":10.480951309204102,"orthographic":false}