{"cameraMode":{"drawMode":0,"name":"Shaded","section":"Shading Mode"},"sceneLighting":true,"audioPlay":false,"sceneViewState":{"m_AlwaysRefresh":false,"showFog":true,"showSkybox":true,"showFlares":true,"showImageEffects":true,"showParticleSystems":true,"showVisualEffectGraphs":true,"m_FxEnabled":true},"in2DMode":false,"pivot":{"x":47.180816650390628,"y":-116.81575012207031,"z":29.522825241088868},"rotation":{"x":0.15506161749362946,"y":-0.8293142914772034,"z":0.45608940720558169,"w":0.28372591733932497},"size":103.0177993774414,"orthographic":false}