{"cameraMode":{"drawMode":0,"name":"Shaded","section":"Shading Mode"},"sceneLighting":false,"audioPlay":false,"sceneViewState":{"m_AlwaysRefresh":false,"showFog":true,"showSkybox":false,"showFlares":true,"showImageEffects":true,"showParticleSystems":true,"showVisualEffectGraphs":true,"m_FxEnabled":true},"in2DMode":false,"pivot":{"x":0.037204742431640628,"y":10.232248306274414,"z":-0.3363943099975586},"rotation":{"x":0.27071112394332888,"y":0.12105978280305863,"z":-0.03419337049126625,"w":0.9546055197715759},"size":17.339624404907228,"orthographic":false}