{"cameraMode":{"drawMode":0,"name":"Shaded","section":"Shading Mode"},"sceneLighting":true,"audioPlay":false,"sceneViewState":{"m_AlwaysRefresh":false,"showFog":true,"showSkybox":true,"showFlares":true,"showImageEffects":true,"showParticleSystems":true,"showVisualEffectGraphs":true,"m_FxEnabled":true},"in2DMode":false,"pivot":{"x":43.94780731201172,"y":5.504554748535156,"z":93.94642639160156},"rotation":{"x":0.27071112394332888,"y":0.12105978280305863,"z":-0.03419337049126625,"w":0.9546055197715759},"size":46.191898345947269,"orthographic":false}