{"cameraMode":{"drawMode":0,"name":"Shaded","section":"Shading Mode"},"sceneLighting":true,"audioPlay":false,"sceneViewState":{"m_AlwaysRefresh":false,"showFog":true,"showSkybox":true,"showFlares":true,"showImageEffects":true,"showParticleSystems":true,"showVisualEffectGraphs":true,"m_FxEnabled":true},"in2DMode":false,"pivot":{"x":8.717000961303711,"y":4.538470268249512,"z":14.74991226196289},"rotation":{"x":0.2525859475135803,"y":0.10598703473806381,"z":-0.027277614921331407,"w":0.9615886807441711},"size":12.461819648742676,"orthographic":false}